{"cameraMode":{"drawMode":0,"name":"Shaded","section":"Shading Mode"},"sceneLighting":false,"audioPlay":false,"sceneViewState":{"showFog":true,"showMaterialUpdate":false,"showSkybox":false,"showFlares":true,"showImageEffects":true,"showParticleSystems":true},"in2DMode":false,"pivot":{"x":-0.0031124353408813478,"y":1.0453696250915528,"z":-0.0031123459339141847},"rotation":{"x":0.09620325267314911,"y":-0.4761330485343933,"z":0.05249784514307976,"w":0.8725818395614624},"size":2.4478843212127687,"orthographic":false}