{"cameraMode":{"drawMode":0,"name":"Shaded","section":"Shading Mode"},"sceneLighting":true,"audioPlay":false,"sceneViewState":{"showFog":true,"showMaterialUpdate":false,"showSkybox":true,"showFlares":true,"showImageEffects":true,"showParticleSystems":true},"in2DMode":false,"pivot":{"x":3.2002615928649904,"y":2.192107677459717,"z":1.0436705350875855},"rotation":{"x":0.09040731936693192,"y":-0.7487156391143799,"z":-0.10528046637773514,"w":-0.6485121250152588},"size":4.943957328796387,"orthographic":false}